lambda,flux
3540.6360,1.263094e-14
3542.3818,1.202082e-14
3544.1276,1.259093e-14
3545.8734,1.120067e-14
3547.6192,1.108065e-14
3549.3649,1.160075e-14
3551.1107,1.150073e-14
3552.8565,1.107065e-14
3554.6023,1.093062e-14
3556.3481,1.106065e-14
3558.0939,1.066057e-14
3559.8397,9.757408e-15
3561.5855,8.670207e-15
3563.3313,8.777226e-15
3565.0770,9.212307e-15
3566.8228,9.192303e-15
3568.5686,9.473355e-15
3570.3144,9.289321e-15
3572.0602,8.542183e-15
3573.8060,8.479172e-15
3575.5518,7.777042e-15
3577.2976,7.380970e-15
3579.0434,7.324959e-15
3580.7891,7.894064e-15
3582.5349,8.625198e-15
3584.2807,9.773410e-15
3586.0265,1.097063e-14
3587.7723,1.240089e-14
3589.5181,1.363012e-14
3591.2639,1.419022e-14
3593.0097,1.480034e-14
3594.7555,1.429024e-14
3596.5012,1.405020e-14
3598.2470,1.341008e-14
3599.9928,1.249091e-14
3601.7386,1.234088e-14
3603.4844,1.240089e-14
3605.2302,1.254092e-14
3606.9760,1.233088e-14
3608.7218,1.190080e-14
3610.4676,1.245090e-14
3612.2133,1.326005e-14
3613.9591,1.296100e-14
3615.7049,1.386016e-14
3617.4507,1.431025e-14
3619.1965,1.502038e-14
3620.9423,1.526042e-14
3622.6881,1.519041e-14
3624.4339,1.494036e-14
3626.1797,1.402019e-14
3627.9255,1.383016e-14
3629.6712,1.455029e-14
3631.4170,1.490035e-14
3633.1628,1.526042e-14
3634.9086,1.557048e-14
3636.6544,1.509039e-14
3638.4002,1.454029e-14
3640.1460,1.407020e-14
3641.8918,1.417022e-14
3643.6376,1.421023e-14
3645.3833,1.517041e-14
3647.1291,1.626061e-14
3648.8749,1.773088e-14
3650.6207,1.900011e-14
3652.3665,1.958022e-14
3654.1123,2.013032e-14
3655.8581,2.081044e-14
3657.6039,1.971024e-14
3659.3497,1.941019e-14
3661.0954,1.930017e-14
3662.8412,1.898011e-14
3664.5870,1.819096e-14
3666.3328,1.891010e-14
3668.0786,1.817096e-14
3669.8244,1.860004e-14
3671.5702,1.725079e-14
3673.3160,1.788090e-14
3675.0618,1.681071e-14
3676.8075,1.611058e-14
3678.5533,1.614058e-14
3680.2991,1.631062e-14
3682.0449,1.637063e-14
3683.7907,1.731080e-14
3685.5365,1.771087e-14
3687.2823,1.870006e-14
3689.0281,1.911013e-14
3690.7739,1.978026e-14
3692.5196,1.999029e-14
3694.2654,1.955021e-14
3696.0112,1.853002e-14
3697.7570,1.770087e-14
3699.5028,1.598055e-14
3701.2486,1.584053e-14
3702.9944,1.632062e-14
3704.7402,1.747083e-14
3706.4860,1.769087e-14
3708.2317,1.799093e-14
3709.9775,1.767087e-14
3711.7233,1.607057e-14
3713.4691,1.464031e-14
3715.2149,1.414022e-14
3716.9607,1.418022e-14
3718.7065,1.406020e-14
3720.4523,1.523042e-14
3722.1981,1.441026e-14
3723.9438,1.298000e-14
3725.6896,1.266094e-14
3727.4354,1.172077e-14
3729.1812,1.124068e-14
3730.9270,1.163075e-14
3732.6728,1.260093e-14
3734.4186,1.280097e-14
3736.1644,1.282097e-14
3737.9102,1.214085e-14
3739.6559,1.140071e-14
3741.4017,1.116067e-14
3743.1475,1.151073e-14
3744.8933,1.277096e-14
3746.6391,1.426024e-14
3748.3849,1.494036e-14
3750.1307,1.543045e-14
3751.8765,1.527042e-14
3753.6223,1.501038e-14
3755.3680,1.535044e-14
3757.1138,1.519041e-14
3758.8596,1.551047e-14
3760.6054,1.567050e-14
3762.3512,1.584053e-14
3764.0970,1.661067e-14
3765.8428,1.747083e-14
3767.5886,1.873006e-14
3769.3344,1.955021e-14
3771.0801,1.967023e-14
3772.8259,2.025034e-14
3774.5717,1.954021e-14
3776.3175,1.934017e-14
3778.0633,1.839100e-14
3779.8091,1.790091e-14
3781.5549,1.725079e-14
3783.3007,1.590054e-14
3785.0465,1.498037e-14
3786.7922,1.479034e-14
3788.5380,1.414022e-14
3790.2838,1.341008e-14
3792.0296,1.379015e-14
3793.7754,1.415022e-14
3795.5212,1.510039e-14
3797.2670,1.581052e-14
3799.0128,1.632062e-14
3800.7586,1.626061e-14
3802.5044,1.591054e-14
3804.2501,1.520041e-14
3805.9959,1.487035e-14
3807.7417,1.355011e-14
3809.4875,1.277096e-14
3811.2333,1.165076e-14
3812.9791,1.112066e-14
3814.7249,1.081060e-14
3816.4707,1.040053e-14
3818.2165,1.026050e-14
3819.9622,9.837422e-15
3821.7080,9.288321e-15
3823.4538,9.018271e-15
3825.1996,9.123290e-15
3826.9454,9.031274e-15
3828.6912,8.829236e-15
3830.4370,8.943258e-15
3832.1828,9.365335e-15
3833.9286,9.939441e-15
3835.6743,1.052055e-14
3837.4201,1.141071e-14
3839.1659,1.187080e-14
3840.9117,1.214085e-14
3842.6575,1.208084e-14
3844.4033,1.188080e-14
3846.1491,1.161075e-14
3847.8949,1.136070e-14
3849.6407,1.147072e-14
3851.3864,1.130069e-14
3853.1322,1.135070e-14
3854.8780,1.176078e-14
3856.6238,1.233088e-14
3858.3696,1.263094e-14
3860.1154,1.230088e-14
3861.8612,1.207083e-14
3863.6070,1.202082e-14
3865.3528,1.251091e-14
3867.0985,1.297100e-14
3868.8443,1.319004e-14
3870.5901,1.322005e-14
3872.3359,1.352010e-14
3874.0817,1.378015e-14
3875.8275,1.386016e-14
3877.5733,1.472032e-14
3879.3191,1.568050e-14
3881.0649,1.647065e-14
3882.8106,1.774088e-14
3884.5564,1.905012e-14
3886.3022,1.959022e-14
3888.0480,2.011032e-14
3889.7938,2.006031e-14
3891.5396,2.019033e-14
3893.2854,2.063041e-14
3895.0312,2.076044e-14
3896.7770,2.058040e-14
3898.5227,2.083045e-14
3900.2685,2.157059e-14
3902.0143,2.251076e-14
3903.7601,2.380100e-14
3905.5059,2.419007e-14
3907.2517,2.432009e-14
3908.9975,2.415006e-14
3910.7433,2.263078e-14
3912.4891,2.102048e-14
3914.2348,1.973025e-14
3915.9806,1.820096e-14
3917.7264,1.690072e-14
3919.4722,1.509039e-14
3921.2180,1.334007e-14
3922.9638,1.124068e-14
3924.7096,9.645387e-15
3926.4554,8.875245e-15
3928.2012,9.021272e-15
3929.9469,9.800415e-15
3931.6927,1.143072e-14
3933.4385,1.329006e-14
3935.1843,1.507039e-14
3936.9301,1.652065e-14
3938.6759,1.814095e-14
3940.4217,2.017033e-14
3942.1675,2.185064e-14
3943.9133,2.290083e-14
3945.6590,2.318088e-14
3947.4048,2.302085e-14
3949.1506,2.248075e-14
3950.8964,2.093047e-14
3952.6422,1.897011e-14
3954.3880,1.683071e-14
3956.1338,1.494036e-14
3957.8796,1.240089e-14
3959.6254,1.079060e-14
3961.3711,1.044053e-14
3963.1169,1.113066e-14
3964.8627,1.282097e-14
3966.6085,1.553047e-14
3968.3543,1.894010e-14
3970.1001,2.190065e-14
3971.8459,2.424008e-14
3973.5917,2.609042e-14
3975.3375,2.715061e-14
3977.0833,2.853087e-14
3978.8290,2.955006e-14
3980.5748,3.023018e-14
3982.3206,3.081029e-14
3984.0664,3.138039e-14
3985.8122,3.139039e-14
3987.5580,3.215053e-14
3989.3038,3.230056e-14
3991.0496,3.301069e-14
3992.7954,3.321073e-14
3994.5411,3.276065e-14
3996.2869,3.263062e-14
3998.0327,3.290067e-14
3999.7785,3.359080e-14
4001.5243,3.427093e-14
4003.2701,3.478002e-14
4005.0159,3.590023e-14
4006.7617,3.692041e-14
4008.5075,3.698043e-14
4010.2532,3.727048e-14
4011.9990,3.693042e-14
4013.7448,3.655035e-14
4015.4906,3.670038e-14
4017.2364,3.608026e-14
4018.9822,3.621028e-14
4020.7280,3.510008e-14
4022.4738,3.401088e-14
4024.2196,3.349078e-14
4025.9653,3.272064e-14
4027.7111,3.273064e-14
4029.4569,3.339076e-14
4031.2027,3.408089e-14
4032.9485,3.407089e-14
4034.6943,3.320073e-14
4036.4401,3.258061e-14
4038.1859,3.233057e-14
4039.9317,3.226055e-14
4041.6774,3.282066e-14
4043.4232,3.408089e-14
4045.1690,3.429093e-14
4046.9148,3.434094e-14
4048.6606,3.330075e-14
4050.4064,3.242059e-14
4052.1522,3.191049e-14
4053.8980,3.121036e-14
4055.6438,3.119036e-14
4057.3895,3.117036e-14
4059.1353,3.151042e-14
4060.8811,3.214053e-14
4062.6269,3.245059e-14
4064.3727,3.232057e-14
4066.1185,3.235057e-14
4067.8643,3.187049e-14
4069.6101,3.217054e-14
4071.3559,3.288067e-14
4073.1016,3.334076e-14
4074.8474,3.464099e-14
4076.5932,3.555016e-14
4078.3390,3.730048e-14
4080.0848,3.825066e-14
4081.8306,3.815064e-14
4083.5764,3.744051e-14
4085.3222,3.669037e-14
4087.0680,3.527011e-14
4088.8137,3.431093e-14
4090.5595,3.307070e-14
4092.3053,3.169045e-14
4094.0511,3.083029e-14
4095.7969,3.038021e-14
4097.5427,3.135039e-14
4099.2885,3.279065e-14
4101.0343,3.397087e-14
4102.7801,3.453098e-14
4104.5258,3.462099e-14
4106.2716,3.497006e-14
4108.0174,3.473001e-14
4109.7632,3.442095e-14
4111.5090,3.359080e-14
4113.2548,3.366081e-14
4115.0006,3.265063e-14
4116.7464,3.279065e-14
4118.4922,3.295068e-14
4120.2379,3.214053e-14
4121.9837,3.163044e-14
4123.7295,3.190049e-14
4125.4753,3.202051e-14
4127.2211,3.169045e-14
4128.9669,3.203051e-14
4130.7127,3.253061e-14
4132.4585,3.191049e-14
4134.2043,3.139039e-14
4135.9500,2.978010e-14
4137.6958,2.905096e-14
4139.4416,2.915098e-14
4141.1874,2.959006e-14
4142.9332,2.975009e-14
4144.6790,2.904096e-14
4146.4248,2.928001e-14
4148.1706,2.954005e-14
4149.9164,2.956006e-14
4151.6622,3.035020e-14
4153.4079,3.132038e-14
4155.1537,3.221055e-14
4156.8995,3.232057e-14
4158.6453,3.227056e-14
4160.3911,3.152042e-14
4162.1369,3.051023e-14
4163.8827,2.983011e-14
4165.6285,2.944004e-14
4167.3743,2.933002e-14
4169.1200,2.885093e-14
4170.8658,2.933002e-14
4172.6116,2.982011e-14
4174.3574,3.128037e-14
4176.1032,3.132038e-14
4177.8490,3.152042e-14
4179.5948,3.171045e-14
4181.3406,3.216054e-14
4183.0864,3.251060e-14
4184.8321,3.228056e-14
4186.5779,3.256061e-14
4188.3237,3.222055e-14
4190.0695,3.220054e-14
4191.8153,3.152042e-14
4193.5611,3.158043e-14
4195.3069,3.208052e-14
4197.0527,3.315072e-14
4198.7985,3.412090e-14
4200.5442,3.428093e-14
4202.2900,3.490004e-14
4204.0358,3.499006e-14
4205.7816,3.485003e-14
4207.5274,3.511008e-14
4209.2732,3.528011e-14
4211.0190,3.588022e-14
4212.7648,3.687041e-14
4214.5106,3.607026e-14
4216.2563,3.468000e-14
4218.0021,3.231057e-14
4219.7479,3.109034e-14
4221.4937,3.094031e-14
4223.2395,3.241058e-14
4224.9853,3.402088e-14
4226.7311,3.510008e-14
4228.4769,3.563018e-14
4230.2227,3.645033e-14
4231.9684,3.751052e-14
4233.7142,3.865073e-14
4235.4600,3.982095e-14
4237.2058,4.037905e-14
4238.9516,4.033905e-14
4240.6974,4.018902e-14
4242.4432,3.917083e-14
4244.1890,3.807063e-14
4245.9348,3.760054e-14
4247.6805,3.695042e-14
4249.4263,3.704044e-14
4251.1721,3.729048e-14
4252.9179,3.756053e-14
4254.6637,3.859072e-14
4256.4095,3.929085e-14
4258.1553,3.972093e-14
4259.9011,3.917083e-14
4261.6469,3.805062e-14
4263.3926,3.625029e-14
4265.1384,3.499006e-14
4266.8842,3.461099e-14
4268.6300,3.504007e-14
4270.3758,3.624029e-14
4272.1216,3.744051e-14
4273.8674,3.814064e-14
4275.6132,3.813064e-14
4277.3590,3.786059e-14
4279.1047,3.777057e-14
4280.8505,3.670038e-14
4282.5963,3.574020e-14
4284.3421,3.572019e-14
4286.0879,3.557017e-14
4287.8337,3.521010e-14
4289.5795,3.414090e-14
4291.3253,3.227056e-14
4293.0711,3.065026e-14
4294.8168,2.943003e-14
4296.5626,2.915098e-14
4298.3084,2.851086e-14
4300.0542,2.899095e-14
4301.8000,2.975009e-14
4303.5458,3.183047e-14
4305.2916,3.529011e-14
4307.0374,3.943088e-14
4308.7832,4.313956e-14
4310.5289,4.585906e-14
4312.2747,4.568903e-14
4314.0205,4.501991e-14
4315.7663,4.367966e-14
4317.5121,4.221939e-14
4319.2579,4.222939e-14
4321.0037,4.295953e-14
4322.7495,4.585906e-14
4324.4953,4.785943e-14
4326.2410,4.875960e-14
4327.9868,4.785943e-14
4329.7326,4.562902e-14
4331.4784,4.437979e-14
4333.2242,4.375968e-14
4334.9700,4.379968e-14
4336.7158,4.464984e-14
4338.4616,4.529996e-14
4340.2074,4.673922e-14
4341.9532,4.737934e-14
4343.6989,4.683924e-14
4345.4447,4.663921e-14
4347.1905,4.706929e-14
4348.9363,4.842954e-14
4350.6821,4.885961e-14
4352.4279,4.968977e-14
4354.1737,5.069995e-14
4355.9195,5.145909e-14
4357.6653,5.240927e-14
4359.4110,5.150910e-14
4361.1568,5.119905e-14
4362.9026,4.952974e-14
4364.6484,4.825951e-14
4366.3942,4.747936e-14
4368.1400,4.600909e-14
4369.8858,4.533997e-14
4371.6316,4.459983e-14
4373.3774,4.357964e-14
4375.1231,4.127922e-14
4376.8689,3.878076e-14
4378.6147,3.946088e-14
4380.3605,4.003099e-14
4382.1063,4.177931e-14
4383.8521,4.313956e-14
4385.5979,4.374968e-14
4387.3437,4.554900e-14
4389.0895,4.660920e-14
4390.8352,4.722931e-14
4392.5810,4.741935e-14
4394.3268,4.699927e-14
4396.0726,4.494989e-14
4397.8184,4.403973e-14
4399.5642,4.402972e-14
4401.3100,4.529996e-14
4403.0558,4.726932e-14
4404.8016,4.906966e-14
4406.5473,5.000983e-14
4408.2931,5.017986e-14
4410.0389,5.033989e-14
4411.7847,4.989981e-14
4413.5305,5.039990e-14
4415.2763,4.991981e-14
4417.0221,4.942972e-14
4418.7679,4.952974e-14
4420.5137,4.953974e-14
4422.2594,4.981979e-14
4424.0052,4.984980e-14
4425.7510,4.984980e-14
4427.4968,4.937971e-14
4429.2426,4.893963e-14
4430.9884,4.946973e-14
4432.7342,5.073996e-14
4434.4800,5.165913e-14
4436.2258,5.257930e-14
4437.9715,5.402957e-14
4439.7173,5.512977e-14
4441.4631,5.405957e-14
4443.2089,5.307939e-14
4444.9547,5.167914e-14
4446.7005,4.973978e-14
4448.4463,4.780942e-14
4450.1921,4.672922e-14
4451.9379,4.651918e-14
4453.6836,4.627914e-14
4455.4294,4.767940e-14
4457.1752,4.965976e-14
4458.9210,5.119905e-14
4460.6668,5.274933e-14
4462.4126,5.420960e-14
4464.1584,5.465968e-14
4465.9042,5.583990e-14
4467.6500,5.635000e-14
4469.3957,5.698912e-14
4471.1415,5.712914e-14
4472.8873,5.549984e-14
4474.6331,5.579989e-14
4476.3789,5.580990e-14
4478.1247,5.562986e-14
4479.8705,5.640901e-14
4481.6163,5.578989e-14
4483.3621,5.417960e-14
4485.1078,5.350947e-14
4486.8536,5.298938e-14
4488.5994,5.372951e-14
4490.3452,5.423961e-14
4492.0910,5.581990e-14
4493.8368,5.757923e-14
4495.5826,5.886946e-14
4497.3284,6.022971e-14
4499.0742,6.119989e-14
4500.8200,6.207905e-14
4502.5657,6.172999e-14
4504.3115,6.014969e-14
4506.0573,6.032973e-14
4507.8031,5.923953e-14
4509.5489,5.923953e-14
4511.2947,5.832936e-14
4513.0405,5.837937e-14
4514.7863,5.685909e-14
4516.5321,5.620997e-14
4518.2778,5.346947e-14
4520.0236,5.134908e-14
4521.7694,4.954974e-14
4523.5152,4.881961e-14
4525.2610,4.928969e-14
4527.0068,5.033989e-14
4528.7526,5.207921e-14
4530.4984,5.355948e-14
4532.2442,5.517978e-14
4533.9899,5.651903e-14
4535.7357,5.619997e-14
4537.4815,5.564987e-14
4539.2273,5.519979e-14
4540.9731,5.444965e-14
4542.7189,5.425961e-14
4544.4647,5.475970e-14
4546.2105,5.596992e-14
4547.9563,5.758923e-14
4549.7020,5.951958e-14
4551.4478,6.150995e-14
4553.1936,6.125990e-14
4554.9394,6.070980e-14
4556.6852,6.017971e-14
4558.4310,5.960960e-14
4560.1768,5.906950e-14
4561.9226,5.913951e-14
4563.6684,5.952958e-14
4565.4141,5.947958e-14
4567.1599,5.910950e-14
4568.9057,5.858941e-14
4570.6515,5.846939e-14
4572.3973,5.824934e-14
4574.1431,5.719915e-14
4575.8889,5.739919e-14
4577.6347,5.633999e-14
4579.3805,5.714914e-14
4581.1262,5.818933e-14
4582.8720,5.865942e-14
4584.6178,5.809932e-14
4586.3636,5.777926e-14
4588.1094,5.710914e-14
4589.8552,5.660904e-14
4591.6010,5.601994e-14
4593.3468,5.699912e-14
4595.0926,5.839937e-14
4596.8383,5.826935e-14
4598.5841,5.889947e-14
4600.3299,5.988965e-14
4602.0757,6.089983e-14
4603.8215,6.160996e-14
4605.5673,6.250913e-14
4607.3131,6.324926e-14
4609.0589,6.316925e-14
4610.8047,6.373936e-14
4612.5504,6.378937e-14
4614.2962,6.455951e-14
4616.0420,6.398940e-14
4617.7878,6.291921e-14
4619.5336,6.262916e-14
4621.2794,6.270917e-14
4623.0252,6.255914e-14
4624.7710,6.280919e-14
4626.5168,6.300922e-14
4628.2625,6.163997e-14
4630.0083,5.995966e-14
4631.7541,5.844939e-14
4633.4999,5.788928e-14
4635.2457,5.782927e-14
4636.9915,5.735918e-14
4638.7373,5.675907e-14
4640.4831,5.635000e-14
4642.2289,5.593992e-14
4643.9746,5.603994e-14
4645.7204,5.769925e-14
4647.4662,5.885946e-14
4649.2120,6.004968e-14
4650.9578,6.015970e-14
4652.7036,6.002967e-14
4654.4494,6.019971e-14
4656.1952,5.956959e-14
4657.9410,5.776926e-14
4659.6867,5.589991e-14
4661.4325,5.433963e-14
4663.1783,5.396956e-14
4664.9241,5.485972e-14
4666.6699,5.625998e-14
4668.4157,5.734918e-14
4670.1615,5.860941e-14
4671.9073,5.770925e-14
4673.6531,5.845939e-14
4675.3988,5.916951e-14
4677.1446,5.861942e-14
4678.8904,5.948958e-14
4680.6362,5.814933e-14
4682.3820,5.867943e-14
4684.1278,5.781927e-14
4685.8736,5.810932e-14
4687.6194,5.743919e-14
4689.3652,5.756922e-14
4691.1110,5.709913e-14
4692.8567,5.694911e-14
4694.6025,5.676907e-14
4696.3483,5.702912e-14
4698.0941,5.675907e-14
4699.8399,5.688910e-14
4701.5857,5.740919e-14
4703.3315,5.808932e-14
4705.0773,5.890947e-14
4706.8231,5.996966e-14
4708.5688,6.086983e-14
4710.3146,6.155996e-14
4712.0604,6.259915e-14
4713.8062,6.355933e-14
4715.5520,6.388938e-14
4717.2978,6.347931e-14
4719.0436,6.226909e-14
4720.7894,6.053977e-14
4722.5352,5.920952e-14
4724.2809,5.868943e-14
4726.0267,5.842938e-14
4727.7725,5.879945e-14
4729.5183,6.033973e-14
4731.2641,6.080982e-14
4733.0099,6.187902e-14
4734.7557,6.239911e-14
4736.5015,6.291921e-14
4738.2473,6.330928e-14
4739.9930,6.490957e-14
4741.7388,6.395940e-14
4743.4846,6.372936e-14
4745.2304,6.271917e-14
4746.9762,6.219907e-14
4748.7220,6.230909e-14
4750.4678,6.167998e-14
4752.2136,6.025972e-14
4753.9594,6.020971e-14
4755.7051,5.953959e-14
4757.4509,5.929954e-14
4759.1967,5.845939e-14
4760.9425,5.858941e-14
4762.6883,5.904949e-14
4764.4341,5.983964e-14
4766.1799,6.038974e-14
4767.9257,6.115989e-14
4769.6715,6.217907e-14
4771.4172,6.339930e-14
4773.1630,6.255914e-14
4774.9088,6.140993e-14
4776.6546,6.103986e-14
4778.4004,6.080982e-14
4780.1462,6.109987e-14
4781.8920,6.137992e-14
4783.6378,6.186901e-14
4785.3836,6.325927e-14
4787.1293,6.366935e-14
4788.8751,6.410942e-14
4790.6209,6.537966e-14
4792.3667,6.568972e-14
4794.1125,6.531965e-14
4795.8583,6.432947e-14
4797.6041,6.409942e-14
4799.3499,6.317925e-14
4801.0957,6.254914e-14
4802.8414,6.278918e-14
4804.5872,6.299922e-14
4806.3330,6.351932e-14
4808.0788,6.354932e-14
4809.8246,6.480955e-14
4811.5704,6.578973e-14
4813.3162,6.589976e-14
4815.0620,6.580974e-14
4816.8078,6.599978e-14
4818.5535,6.407942e-14
4820.2993,6.305923e-14
4822.0451,6.298922e-14
4823.7909,6.254914e-14
4825.5367,6.253914e-14
4827.2825,6.212906e-14
4829.0283,6.164997e-14
4830.7741,6.179900e-14
4832.5199,6.210906e-14
4834.2656,6.233910e-14
4836.0114,6.243912e-14
4837.7572,6.278918e-14
4839.5030,6.294921e-14
4841.2488,6.275918e-14
4842.9946,6.241912e-14
4844.7404,6.189902e-14
4846.4862,6.108987e-14
4848.2320,5.917952e-14
4849.9778,5.708913e-14
4851.7235,5.625998e-14
4853.4693,5.449965e-14
4855.2151,5.434963e-14
4856.9609,5.501975e-14
4858.7067,5.630999e-14
4860.4525,5.702912e-14
4862.1983,5.776926e-14
4863.9441,5.757923e-14
4865.6899,5.816933e-14
4867.4356,5.845939e-14
4869.1814,5.956959e-14
4870.9272,6.114988e-14
4872.6730,6.171998e-14
4874.4188,6.177999e-14
4876.1646,6.103986e-14
4877.9104,6.059978e-14
4879.6562,6.060978e-14
4881.4020,5.989965e-14
4883.1477,6.014969e-14
4884.8935,6.166998e-14
4886.6393,6.262916e-14
4888.3851,6.361934e-14
4890.1309,6.480955e-14
4891.8767,6.544967e-14
4893.6225,6.579974e-14
4895.3683,6.582974e-14
4897.1141,6.588976e-14
4898.8598,6.547968e-14
4900.6056,6.531965e-14
4902.3514,6.455951e-14
4904.0972,6.353932e-14
4905.8430,6.377937e-14
4907.5888,6.300922e-14
4909.3346,6.207905e-14
4911.0804,6.138993e-14
4912.8262,6.040975e-14
4914.5719,6.016970e-14
4916.3177,6.099985e-14
4918.0635,6.221908e-14
4919.8093,6.395940e-14
4921.5551,6.512962e-14
4923.3009,6.625982e-14
4925.0467,6.656988e-14
4926.7925,6.620981e-14
4928.5383,6.543967e-14
4930.2840,6.522963e-14
4932.0298,6.513962e-14
4933.7756,6.531965e-14
4935.5214,6.723901e-14
4937.2672,6.853924e-14
4939.0130,6.957943e-14
4940.7588,7.005952e-14
4942.5046,6.905934e-14
4944.2504,6.819918e-14
4945.9961,6.711998e-14
4947.7419,6.699996e-14
4949.4877,6.538966e-14
4951.2335,6.416944e-14
4952.9793,6.332929e-14
4954.7251,6.299922e-14
4956.4709,6.309924e-14
4958.2167,6.304923e-14
4959.9625,6.286920e-14
4961.7082,6.315925e-14
4963.4540,6.348931e-14
4965.1998,6.361934e-14
4966.9456,6.338930e-14
4968.6914,6.316925e-14
4970.4372,6.230909e-14
4972.1830,6.111988e-14
4973.9288,5.943957e-14
4975.6746,5.788928e-14
4977.4203,5.764924e-14
4979.1661,5.852940e-14
4980.9119,5.996966e-14
4982.6577,6.043975e-14
4984.4035,6.122990e-14
4986.1493,6.179900e-14
4987.8951,6.240912e-14
4989.6409,6.218907e-14
4991.3867,6.207905e-14
4993.1324,6.039974e-14
4994.8782,5.921952e-14
4996.6240,5.791929e-14
4998.3698,5.705913e-14
5000.1156,5.638900e-14
5001.8614,5.721916e-14
5003.6072,5.719915e-14
5005.3530,5.733918e-14
5007.0988,5.742919e-14
5008.8445,5.688910e-14
5010.5903,5.705913e-14
5012.3361,5.740919e-14
5014.0819,5.786928e-14
5015.8277,5.850940e-14
5017.5735,5.881945e-14
5019.3193,5.949958e-14
5021.0651,6.033973e-14
5022.8109,6.104987e-14
5024.5567,6.116989e-14
5026.3024,6.114988e-14
5028.0482,5.987965e-14
5029.7940,5.916951e-14
5031.5398,5.878945e-14
5033.2856,5.869943e-14
5035.0314,5.840937e-14
5036.7772,5.878945e-14
5038.5230,5.935955e-14
5040.2688,6.016970e-14
5042.0145,6.094984e-14
5043.7603,6.137992e-14
5045.5061,6.177999e-14
5047.2519,6.264916e-14
5048.9977,6.451950e-14
5050.7435,6.492957e-14
5052.4893,6.463952e-14
5054.2351,6.487957e-14
5055.9809,6.392939e-14
5057.7266,6.330928e-14
5059.4724,6.341930e-14
5061.2182,6.264916e-14
5062.9640,6.234910e-14
5064.7098,6.174999e-14
5066.4556,6.062978e-14
5068.2014,6.144994e-14
5069.9472,6.040975e-14
5071.6930,5.952958e-14
5073.4387,5.874944e-14
5075.1845,5.814933e-14
5076.9303,5.843938e-14
5078.6761,5.932955e-14
5080.4219,6.069980e-14
5082.1677,6.262916e-14
5083.9135,6.419945e-14
5085.6593,6.391939e-14
5087.4051,6.350932e-14
5089.1508,6.337929e-14
5090.8966,6.254914e-14
5092.6424,6.152995e-14
5094.3882,6.055977e-14
5096.1340,6.019971e-14
5097.8798,6.038974e-14
5099.6256,6.054977e-14
5101.3714,6.133992e-14
5103.1172,6.125990e-14
5104.8629,6.108987e-14
5106.6087,6.165997e-14
5108.3545,6.250913e-14
5110.1003,6.286920e-14
5111.8461,6.296922e-14
5113.5919,6.299922e-14
5115.3377,6.198904e-14
5117.0835,6.060978e-14
5118.8293,5.945957e-14
5120.5750,5.876944e-14
5122.3208,5.931955e-14
5124.0666,6.041975e-14
5125.8124,6.078981e-14
5127.5582,6.132992e-14
5129.3040,6.125990e-14
5131.0498,6.085983e-14
5132.7956,6.014969e-14
5134.5414,6.012969e-14
5136.2871,5.962960e-14
5138.0329,5.973962e-14
5139.7787,5.897948e-14
5141.5245,5.854940e-14
5143.2703,5.933955e-14
5145.0161,5.953959e-14
5146.7619,6.013969e-14
5148.5077,6.008968e-14
5150.2535,5.970962e-14
5151.9992,5.925953e-14
5153.7450,5.863942e-14
5155.4908,5.655904e-14
5157.2366,5.455967e-14
5158.9824,5.152911e-14
5160.7282,4.924969e-14
5162.4740,4.670922e-14
5164.2198,4.549000e-14
5165.9656,4.527996e-14
5167.7113,4.578905e-14
5169.4571,4.725932e-14
5171.2029,4.875960e-14
5172.9487,4.930970e-14
5174.6945,4.948973e-14
5176.4403,4.957975e-14
5178.1861,4.973978e-14
5179.9319,5.121905e-14
5181.6777,5.353948e-14
5183.4234,5.616996e-14
5185.1692,5.837937e-14
5186.9150,5.960960e-14
5188.6608,6.071980e-14
5190.4066,6.120989e-14
5192.1524,6.168998e-14
5193.8982,6.139993e-14
5195.6440,6.020971e-14
5197.3898,5.917952e-14
5199.1355,5.800930e-14
5200.8813,5.750921e-14
5202.6271,5.805931e-14
5204.3729,5.887946e-14
5206.1187,5.999967e-14
5207.8645,6.179000e-14
5209.6103,6.307923e-14
5211.3561,6.355933e-14
5213.1019,6.449950e-14
5214.8477,6.544967e-14
5216.5934,6.443949e-14
5218.3392,6.279919e-14
5220.0850,6.317925e-14
5221.8308,6.241912e-14
5223.5766,6.293921e-14
5225.3224,6.388938e-14
5227.0682,6.515962e-14
5228.8140,6.627983e-14
5230.5598,6.716999e-14
5232.3055,6.805915e-14
5234.0513,6.897933e-14
5235.7971,6.948942e-14
5237.5429,6.853924e-14
5239.2887,6.866927e-14
5241.0345,6.732902e-14
5242.7803,6.673991e-14
5244.5261,6.684993e-14
5246.2719,6.693995e-14
5248.0176,6.708998e-14
5249.7634,6.678992e-14
5251.5092,6.590976e-14
5253.2550,6.567971e-14
5255.0008,6.384938e-14
5256.7466,6.083982e-14
5258.4924,5.861942e-14
5260.2382,5.738919e-14
5261.9840,5.679908e-14
5263.7297,5.722916e-14
5265.4755,5.935955e-14
5267.2213,6.111988e-14
5268.9671,6.407942e-14
5270.7129,6.578973e-14
5272.4587,6.706997e-14
5274.2045,6.700996e-14
5275.9503,6.793913e-14
5277.6961,6.900933e-14
5279.4418,6.934939e-14
5281.1876,7.096969e-14
5282.9334,7.142977e-14
5284.6792,7.100970e-14
5286.4250,7.045960e-14
5288.1708,6.973946e-14
5289.9166,6.870927e-14
5291.6624,6.808916e-14
5293.4082,6.808916e-14
5295.1539,6.843923e-14
5296.8997,6.938940e-14
5298.6455,7.050960e-14
5300.3913,7.286904e-14
5302.1371,7.267900e-14
5303.8829,7.229993e-14
5305.6287,7.133976e-14
5307.3745,7.077966e-14
5309.1203,7.087968e-14
5310.8660,7.139977e-14
5312.6118,7.034958e-14
5314.3576,6.895932e-14
5316.1034,6.788912e-14
5317.8492,6.661989e-14
5319.5950,6.435947e-14
5321.3408,6.326928e-14
5323.0866,6.249913e-14
5324.8324,6.316925e-14
5326.5781,6.398940e-14
